Drug.Combination,Percentage,Outcome
Avandia,0.0%,CA
LETAIRIS,0.0%,CA
ASPIRIN,0.2%,CA
Enbrel,0.5%,CA
DIANEAL_LOW_CALCIUM,0.0%,CA
PREDNISONE,0.7%,CA
HUMIRA,0.8%,CA
Nexium,0.3%,CA
TECFIDERA,0.0%,CA
AVONEX,0.3%,CA
ASPIRIN & Avandia,0.0%,CA
AVONEX & TECFIDERA,0.0%,CA
ASPIRIN & PREDNISONE,0.0%,CA
ASPIRIN & Nexium,0.0%,CA
HUMIRA & PREDNISONE,0.0%,CA
Nexium & PREDNISONE,0.0%,CA
Enbrel & PREDNISONE,0.0%,CA
Enbrel & HUMIRA,0.0%,CA
ASPIRIN & HUMIRA,0.0%,CA
PREDNISONE,0.2%,CA
ASPIRIN & TECFIDERA,0.0%,CA
ASPIRIN & LETAIRIS,0.0%,CA
LETAIRIS & PREDNISONE,0.0%,CA
ASPIRIN & Nexium & PREDNISONE,0.0%,CA
HUMIRA & Nexium,0.0%,CA
ASPIRIN & AVONEX,0.0%,CA
ASPIRIN & Enbrel,0.0%,CA
ASPIRIN & HUMIRA & PREDNISONE,0.0%,CA
Enbrel & HUMIRA & PREDNISONE,0.0%,CA
Avandia & Nexium,0.0%,CA
Enbrel & LETAIRIS,0.0%,CA
Nexium & TECFIDERA,0.0%,CA
ASPIRIN & Enbrel & PREDNISONE,0.0%,CA
AVONEX & PREDNISONE,0.0%,CA
PREDNISONE & TECFIDERA,0.0%,CA
Enbrel & Nexium,0.0%,CA
Avandia & PREDNISONE,0.0%,CA
Enbrel & Nexium & PREDNISONE,0.0%,CA
ASPIRIN & Enbrel & HUMIRA,0.0%,CA
ASPIRIN & Avandia & PREDNISONE,0.0%,CA
ASPIRIN & Enbrel & HUMIRA & PREDNISONE,0.0%,CA
ASPIRIN & LETAIRIS & PREDNISONE,0.0%,CA
ASPIRIN & AVONEX & TECFIDERA,0.0%,CA
ASPIRIN & AVONEX & PREDNISONE & TECFIDERA,0.0%,CA
ASPIRIN & HUMIRA & Nexium,0.0%,CA
NEXIUM,0.0%,CA
AVONEX & Nexium,0.0%,CA
Nexium & PREDNISONE & TECFIDERA,0.0%,CA
ASPIRIN & Avandia & Nexium,0.0%,CA
ASPIRIN & AVONEX & Nexium,0.0%,CA
ASPIRIN & DIANEAL_LOW_CALCIUM,0.0%,CA
ASPIRIN & Enbrel & Nexium & PREDNISONE,0.0%,CA
ASPIRIN & Nexium & TECFIDERA,0.0%,CA
AVONEX & Nexium & PREDNISONE,0.0%,CA
AVONEX & Nexium & TECFIDERA,0.0%,CA
ASPIRIN & DIANEAL_LOW_CALCIUM & Nexium,0.0%,CA
DIANEAL_LOW_CALCIUM & PREDNISONE,0.0%,CA
ASPIRIN & Avandia & AVONEX & Enbrel & HUMIRA & LETAIRIS & Nexium & PREDNISONE & PREDNISONE &  & TECFIDERA,0.0%,CA
ASPIRIN & Avandia & AVONEX & DIANEAL_LOW_CALCIUM & Enbrel & HUMIRA & LETAIRIS & Nexium & PREDNISONE & PREDNISONE &  & TECFIDERA,0.0%,CA
ASPIRIN,0.0%,CA
ASPIRIN & Avandia & AVONEX & DIANEAL_LOW_CALCIUM & Enbrel & HUMIRA & LETAIRIS & Nexium & NEXIUM &  & PREDNISONE & PREDNISONE &  & TECFIDERA,0.0%,CA
NEXIUM,0.0%,CA
ASPIRIN & ASPIRIN & Avandia & AVONEX & DIANEAL_LOW_CALCIUM & Enbrel & HUMIRA & LETAIRIS & Nexium & NEXIUM &  & PREDNISONE & PREDNISONE &  & TECFIDERA,0.0%,CA
ASPIRIN & Avandia & AVONEX & DIANEAL_LOW_CALCIUM & Enbrel & HUMIRA & LETAIRIS & Nexium & NEXIUM &  &  & PREDNISONE & TECFIDERA,0.0%,CA
Avandia,4.6%,DE
LETAIRIS,1.5%,DE
ASPIRIN,2.2%,DE
Enbrel,0.6%,DE
DIANEAL_LOW_CALCIUM,2.3%,DE
PREDNISONE,2.2%,DE
HUMIRA,0.8%,DE
Nexium,0.7%,DE
TECFIDERA,0.1%,DE
AVONEX,0.5%,DE
ASPIRIN & Avandia,0.1%,DE
AVONEX & TECFIDERA,0.0%,DE
ASPIRIN & PREDNISONE,0.2%,DE
ASPIRIN & Nexium,0.1%,DE
HUMIRA & PREDNISONE,0.0%,DE
Nexium & PREDNISONE,0.0%,DE
Enbrel & PREDNISONE,0.0%,DE
Enbrel & HUMIRA,0.0%,DE
ASPIRIN & HUMIRA,0.0%,DE
PREDNISONE,0.1%,DE
ASPIRIN & TECFIDERA,0.0%,DE
ASPIRIN & LETAIRIS,0.0%,DE
LETAIRIS & PREDNISONE,0.0%,DE
ASPIRIN & Nexium & PREDNISONE,0.0%,DE
HUMIRA & Nexium,0.0%,DE
ASPIRIN & AVONEX,0.0%,DE
ASPIRIN & Enbrel,0.0%,DE
ASPIRIN & HUMIRA & PREDNISONE,0.0%,DE
Enbrel & HUMIRA & PREDNISONE,0.0%,DE
Avandia & Nexium,0.0%,DE
Enbrel & LETAIRIS,0.0%,DE
Nexium & TECFIDERA,0.0%,DE
ASPIRIN & Enbrel & PREDNISONE,0.0%,DE
AVONEX & PREDNISONE,0.0%,DE
PREDNISONE & TECFIDERA,0.0%,DE
Enbrel & Nexium,0.0%,DE
Avandia & PREDNISONE,0.0%,DE
Enbrel & Nexium & PREDNISONE,0.0%,DE
ASPIRIN & Enbrel & HUMIRA,0.0%,DE
ASPIRIN & Avandia & PREDNISONE,0.0%,DE
ASPIRIN & Enbrel & HUMIRA & PREDNISONE,0.0%,DE
ASPIRIN & LETAIRIS & PREDNISONE,0.0%,DE
ASPIRIN & AVONEX & TECFIDERA,0.0%,DE
ASPIRIN & AVONEX & PREDNISONE & TECFIDERA,0.0%,DE
ASPIRIN & HUMIRA & Nexium,0.0%,DE
NEXIUM,0.0%,DE
AVONEX & Nexium,0.0%,DE
Nexium & PREDNISONE & TECFIDERA,0.0%,DE
ASPIRIN & Avandia & Nexium,0.0%,DE
ASPIRIN & AVONEX & Nexium,0.0%,DE
ASPIRIN & DIANEAL_LOW_CALCIUM,0.0%,DE
ASPIRIN & Enbrel & Nexium & PREDNISONE,0.0%,DE
ASPIRIN & Nexium & TECFIDERA,0.0%,DE
AVONEX & Nexium & PREDNISONE,0.0%,DE
AVONEX & Nexium & TECFIDERA,0.0%,DE
ASPIRIN & DIANEAL_LOW_CALCIUM & Nexium,0.0%,DE
DIANEAL_LOW_CALCIUM & PREDNISONE,0.0%,DE
ASPIRIN & Avandia & AVONEX & Enbrel & HUMIRA & LETAIRIS & Nexium & PREDNISONE & PREDNISONE &  & TECFIDERA,0.0%,DE
ASPIRIN & Avandia & AVONEX & DIANEAL_LOW_CALCIUM & Enbrel & HUMIRA & LETAIRIS & Nexium & PREDNISONE & PREDNISONE &  & TECFIDERA,0.0%,DE
ASPIRIN,0.0%,DE
ASPIRIN & Avandia & AVONEX & DIANEAL_LOW_CALCIUM & Enbrel & HUMIRA & LETAIRIS & Nexium & NEXIUM &  & PREDNISONE & PREDNISONE &  & TECFIDERA,0.0%,DE
NEXIUM,0.0%,DE
ASPIRIN & ASPIRIN & Avandia & AVONEX & DIANEAL_LOW_CALCIUM & Enbrel & HUMIRA & LETAIRIS & Nexium & NEXIUM &  & PREDNISONE & PREDNISONE &  & TECFIDERA,0.0%,DE
ASPIRIN & Avandia & AVONEX & DIANEAL_LOW_CALCIUM & Enbrel & HUMIRA & LETAIRIS & Nexium & NEXIUM &  &  & PREDNISONE & TECFIDERA,0.0%,DE
Avandia,0.1%,DS
LETAIRIS,0.2%,DS
ASPIRIN,2.6%,DS
Enbrel,0.6%,DS
DIANEAL_LOW_CALCIUM,0.0%,DS
PREDNISONE,1.9%,DS
HUMIRA,1.0%,DS
Nexium,2.7%,DS
TECFIDERA,0.1%,DS
AVONEX,0.1%,DS
ASPIRIN & Avandia,0.0%,DS
AVONEX & TECFIDERA,0.0%,DS
ASPIRIN & PREDNISONE,0.2%,DS
ASPIRIN & Nexium,0.4%,DS
HUMIRA & PREDNISONE,0.1%,DS
Nexium & PREDNISONE,0.5%,DS
Enbrel & PREDNISONE,0.0%,DS
Enbrel & HUMIRA,0.1%,DS
ASPIRIN & HUMIRA,0.0%,DS
PREDNISONE,0.0%,DS
ASPIRIN & TECFIDERA,0.0%,DS
ASPIRIN & LETAIRIS,0.0%,DS
LETAIRIS & PREDNISONE,0.0%,DS
ASPIRIN & Nexium & PREDNISONE,0.1%,DS
HUMIRA & Nexium,0.0%,DS
ASPIRIN & AVONEX,0.0%,DS
ASPIRIN & Enbrel,0.0%,DS
ASPIRIN & HUMIRA & PREDNISONE,0.0%,DS
Enbrel & HUMIRA & PREDNISONE,0.0%,DS
Avandia & Nexium,0.1%,DS
Enbrel & LETAIRIS,0.0%,DS
Nexium & TECFIDERA,0.0%,DS
ASPIRIN & Enbrel & PREDNISONE,0.0%,DS
AVONEX & PREDNISONE,0.0%,DS
PREDNISONE & TECFIDERA,0.0%,DS
Enbrel & Nexium,0.1%,DS
Avandia & PREDNISONE,0.0%,DS
Enbrel & Nexium & PREDNISONE,0.0%,DS
ASPIRIN & Enbrel & HUMIRA,0.0%,DS
ASPIRIN & Avandia & PREDNISONE,0.0%,DS
ASPIRIN & Enbrel & HUMIRA & PREDNISONE,0.0%,DS
ASPIRIN & LETAIRIS & PREDNISONE,0.0%,DS
ASPIRIN & AVONEX & TECFIDERA,0.0%,DS
ASPIRIN & AVONEX & PREDNISONE & TECFIDERA,0.0%,DS
ASPIRIN & HUMIRA & Nexium,0.0%,DS
NEXIUM,0.0%,DS
AVONEX & Nexium,0.0%,DS
Nexium & PREDNISONE & TECFIDERA,0.0%,DS
ASPIRIN & Avandia & Nexium,0.0%,DS
ASPIRIN & AVONEX & Nexium,0.0%,DS
ASPIRIN & DIANEAL_LOW_CALCIUM,0.0%,DS
ASPIRIN & Enbrel & Nexium & PREDNISONE,0.0%,DS
ASPIRIN & Nexium & TECFIDERA,0.0%,DS
AVONEX & Nexium & PREDNISONE,0.0%,DS
AVONEX & Nexium & TECFIDERA,0.0%,DS
ASPIRIN & DIANEAL_LOW_CALCIUM & Nexium,0.0%,DS
DIANEAL_LOW_CALCIUM & PREDNISONE,0.0%,DS
ASPIRIN & Avandia & AVONEX & Enbrel & HUMIRA & LETAIRIS & Nexium & PREDNISONE & PREDNISONE &  & TECFIDERA,0.0%,DS
ASPIRIN & Avandia & AVONEX & DIANEAL_LOW_CALCIUM & Enbrel & HUMIRA & LETAIRIS & Nexium & PREDNISONE & PREDNISONE &  & TECFIDERA,0.0%,DS
ASPIRIN,0.0%,DS
ASPIRIN & Avandia & AVONEX & DIANEAL_LOW_CALCIUM & Enbrel & HUMIRA & LETAIRIS & Nexium & NEXIUM &  & PREDNISONE & PREDNISONE &  & TECFIDERA,0.0%,DS
NEXIUM,0.0%,DS
ASPIRIN & ASPIRIN & Avandia & AVONEX & DIANEAL_LOW_CALCIUM & Enbrel & HUMIRA & LETAIRIS & Nexium & NEXIUM &  & PREDNISONE & PREDNISONE &  & TECFIDERA,0.0%,DS
ASPIRIN & Avandia & AVONEX & DIANEAL_LOW_CALCIUM & Enbrel & HUMIRA & LETAIRIS & Nexium & NEXIUM &  &  & PREDNISONE & TECFIDERA,0.0%,DS
Avandia,1.7%,HO
LETAIRIS,1.1%,HO
ASPIRIN,2.2%,HO
Enbrel,1.0%,HO
DIANEAL_LOW_CALCIUM,2.5%,HO
PREDNISONE,1.8%,HO
HUMIRA,1.5%,HO
Nexium,0.9%,HO
TECFIDERA,0.3%,HO
AVONEX,0.7%,HO
ASPIRIN & Avandia,0.2%,HO
AVONEX & TECFIDERA,0.0%,HO
ASPIRIN & PREDNISONE,0.2%,HO
ASPIRIN & Nexium,0.1%,HO
HUMIRA & PREDNISONE,0.2%,HO
Nexium & PREDNISONE,0.1%,HO
Enbrel & PREDNISONE,0.1%,HO
Enbrel & HUMIRA,0.0%,HO
ASPIRIN & HUMIRA,0.0%,HO
PREDNISONE,0.0%,HO
ASPIRIN & TECFIDERA,0.0%,HO
ASPIRIN & LETAIRIS,0.0%,HO
LETAIRIS & PREDNISONE,0.0%,HO
ASPIRIN & Nexium & PREDNISONE,0.0%,HO
HUMIRA & Nexium,0.0%,HO
ASPIRIN & AVONEX,0.0%,HO
ASPIRIN & Enbrel,0.0%,HO
ASPIRIN & HUMIRA & PREDNISONE,0.0%,HO
Enbrel & HUMIRA & PREDNISONE,0.0%,HO
Avandia & Nexium,0.0%,HO
Enbrel & LETAIRIS,0.0%,HO
Nexium & TECFIDERA,0.0%,HO
ASPIRIN & Enbrel & PREDNISONE,0.0%,HO
AVONEX & PREDNISONE,0.0%,HO
PREDNISONE & TECFIDERA,0.0%,HO
Enbrel & Nexium,0.0%,HO
Avandia & PREDNISONE,0.0%,HO
Enbrel & Nexium & PREDNISONE,0.0%,HO
ASPIRIN & Enbrel & HUMIRA,0.0%,HO
ASPIRIN & Avandia & PREDNISONE,0.0%,HO
ASPIRIN & Enbrel & HUMIRA & PREDNISONE,0.0%,HO
ASPIRIN & LETAIRIS & PREDNISONE,0.0%,HO
ASPIRIN & AVONEX & TECFIDERA,0.0%,HO
ASPIRIN & AVONEX & PREDNISONE & TECFIDERA,0.0%,HO
ASPIRIN & HUMIRA & Nexium,0.0%,HO
NEXIUM,0.0%,HO
AVONEX & Nexium,0.0%,HO
Nexium & PREDNISONE & TECFIDERA,0.0%,HO
ASPIRIN & Avandia & Nexium,0.0%,HO
ASPIRIN & AVONEX & Nexium,0.0%,HO
ASPIRIN & DIANEAL_LOW_CALCIUM,0.0%,HO
ASPIRIN & Enbrel & Nexium & PREDNISONE,0.0%,HO
ASPIRIN & Nexium & TECFIDERA,0.0%,HO
AVONEX & Nexium & PREDNISONE,0.0%,HO
AVONEX & Nexium & TECFIDERA,0.0%,HO
ASPIRIN & DIANEAL_LOW_CALCIUM & Nexium,0.0%,HO
DIANEAL_LOW_CALCIUM & PREDNISONE,0.0%,HO
ASPIRIN & Avandia & AVONEX & Enbrel & HUMIRA & LETAIRIS & Nexium & PREDNISONE & PREDNISONE &  & TECFIDERA,0.0%,HO
ASPIRIN & Avandia & AVONEX & DIANEAL_LOW_CALCIUM & Enbrel & HUMIRA & LETAIRIS & Nexium & PREDNISONE & PREDNISONE &  & TECFIDERA,0.0%,HO
ASPIRIN,0.0%,HO
ASPIRIN & Avandia & AVONEX & DIANEAL_LOW_CALCIUM & Enbrel & HUMIRA & LETAIRIS & Nexium & NEXIUM &  & PREDNISONE & PREDNISONE &  & TECFIDERA,0.0%,HO
NEXIUM,0.0%,HO
ASPIRIN & ASPIRIN & Avandia & AVONEX & DIANEAL_LOW_CALCIUM & Enbrel & HUMIRA & LETAIRIS & Nexium & NEXIUM &  & PREDNISONE & PREDNISONE &  & TECFIDERA,0.0%,HO
ASPIRIN & Avandia & AVONEX & DIANEAL_LOW_CALCIUM & Enbrel & HUMIRA & LETAIRIS & Nexium & NEXIUM &  &  & PREDNISONE & TECFIDERA,0.0%,HO
Avandia,0.0%,LT
LETAIRIS,0.1%,LT
ASPIRIN,3.1%,LT
Enbrel,0.4%,LT
DIANEAL_LOW_CALCIUM,0.0%,LT
PREDNISONE,1.9%,LT
HUMIRA,0.8%,LT
Nexium,0.8%,LT
TECFIDERA,0.0%,LT
AVONEX,0.0%,LT
ASPIRIN & Avandia,0.0%,LT
AVONEX & TECFIDERA,0.0%,LT
ASPIRIN & PREDNISONE,0.1%,LT
ASPIRIN & Nexium,0.0%,LT
HUMIRA & PREDNISONE,0.1%,LT
Nexium & PREDNISONE,0.1%,LT
Enbrel & PREDNISONE,0.0%,LT
Enbrel & HUMIRA,0.0%,LT
ASPIRIN & HUMIRA,0.0%,LT
PREDNISONE,0.1%,LT
ASPIRIN & TECFIDERA,0.0%,LT
ASPIRIN & LETAIRIS,0.0%,LT
LETAIRIS & PREDNISONE,0.0%,LT
ASPIRIN & Nexium & PREDNISONE,0.0%,LT
HUMIRA & Nexium,0.0%,LT
ASPIRIN & AVONEX,0.0%,LT
ASPIRIN & Enbrel,0.0%,LT
ASPIRIN & HUMIRA & PREDNISONE,0.0%,LT
Enbrel & HUMIRA & PREDNISONE,0.0%,LT
Avandia & Nexium,0.0%,LT
Enbrel & LETAIRIS,0.0%,LT
Nexium & TECFIDERA,0.0%,LT
ASPIRIN & Enbrel & PREDNISONE,0.0%,LT
AVONEX & PREDNISONE,0.0%,LT
PREDNISONE & TECFIDERA,0.0%,LT
Enbrel & Nexium,0.0%,LT
Avandia & PREDNISONE,0.0%,LT
Enbrel & Nexium & PREDNISONE,0.0%,LT
ASPIRIN & Enbrel & HUMIRA,0.0%,LT
ASPIRIN & Avandia & PREDNISONE,0.0%,LT
ASPIRIN & Enbrel & HUMIRA & PREDNISONE,0.0%,LT
ASPIRIN & LETAIRIS & PREDNISONE,0.0%,LT
ASPIRIN & AVONEX & TECFIDERA,0.0%,LT
ASPIRIN & AVONEX & PREDNISONE & TECFIDERA,0.0%,LT
ASPIRIN & HUMIRA & Nexium,0.0%,LT
NEXIUM,0.0%,LT
AVONEX & Nexium,0.0%,LT
Nexium & PREDNISONE & TECFIDERA,0.0%,LT
ASPIRIN & Avandia & Nexium,0.0%,LT
ASPIRIN & AVONEX & Nexium,0.0%,LT
ASPIRIN & DIANEAL_LOW_CALCIUM,0.0%,LT
ASPIRIN & Enbrel & Nexium & PREDNISONE,0.0%,LT
ASPIRIN & Nexium & TECFIDERA,0.0%,LT
AVONEX & Nexium & PREDNISONE,0.0%,LT
AVONEX & Nexium & TECFIDERA,0.0%,LT
ASPIRIN & DIANEAL_LOW_CALCIUM & Nexium,0.0%,LT
DIANEAL_LOW_CALCIUM & PREDNISONE,0.0%,LT
ASPIRIN & Avandia & AVONEX & Enbrel & HUMIRA & LETAIRIS & Nexium & PREDNISONE & PREDNISONE &  & TECFIDERA,0.0%,LT
ASPIRIN & Avandia & AVONEX & DIANEAL_LOW_CALCIUM & Enbrel & HUMIRA & LETAIRIS & Nexium & PREDNISONE & PREDNISONE &  & TECFIDERA,0.0%,LT
ASPIRIN,0.0%,LT
ASPIRIN & Avandia & AVONEX & DIANEAL_LOW_CALCIUM & Enbrel & HUMIRA & LETAIRIS & Nexium & NEXIUM &  & PREDNISONE & PREDNISONE &  & TECFIDERA,0.0%,LT
NEXIUM,0.0%,LT
ASPIRIN & ASPIRIN & Avandia & AVONEX & DIANEAL_LOW_CALCIUM & Enbrel & HUMIRA & LETAIRIS & Nexium & NEXIUM &  & PREDNISONE & PREDNISONE &  & TECFIDERA,0.0%,LT
ASPIRIN & Avandia & AVONEX & DIANEAL_LOW_CALCIUM & Enbrel & HUMIRA & LETAIRIS & Nexium & NEXIUM &  &  & PREDNISONE & TECFIDERA,0.0%,LT
Avandia,0.0%,NA
LETAIRIS,13.3%,NA
ASPIRIN,2.4%,NA
Enbrel,8.1%,NA
DIANEAL_LOW_CALCIUM,3.6%,NA
PREDNISONE,1.1%,NA
HUMIRA,0.4%,NA
Nexium,2.6%,NA
TECFIDERA,8.7%,NA
AVONEX,6.1%,NA
ASPIRIN & Avandia,0.0%,NA
AVONEX & TECFIDERA,1.3%,NA
ASPIRIN & PREDNISONE,0.1%,NA
ASPIRIN & Nexium,0.2%,NA
HUMIRA & PREDNISONE,0.0%,NA
Nexium & PREDNISONE,0.1%,NA
Enbrel & PREDNISONE,0.1%,NA
Enbrel & HUMIRA,0.2%,NA
ASPIRIN & HUMIRA,0.0%,NA
PREDNISONE,0.0%,NA
ASPIRIN & TECFIDERA,0.2%,NA
ASPIRIN & LETAIRIS,0.1%,NA
LETAIRIS & PREDNISONE,0.1%,NA
ASPIRIN & Nexium & PREDNISONE,0.0%,NA
HUMIRA & Nexium,0.0%,NA
ASPIRIN & AVONEX,0.0%,NA
ASPIRIN & Enbrel,0.0%,NA
ASPIRIN & HUMIRA & PREDNISONE,0.0%,NA
Enbrel & HUMIRA & PREDNISONE,0.0%,NA
Avandia & Nexium,0.0%,NA
Enbrel & LETAIRIS,0.0%,NA
Nexium & TECFIDERA,0.1%,NA
ASPIRIN & Enbrel & PREDNISONE,0.0%,NA
AVONEX & PREDNISONE,0.0%,NA
PREDNISONE & TECFIDERA,0.1%,NA
Enbrel & Nexium,0.0%,NA
Avandia & PREDNISONE,0.0%,NA
Enbrel & Nexium & PREDNISONE,0.0%,NA
ASPIRIN & Enbrel & HUMIRA,0.0%,NA
ASPIRIN & Avandia & PREDNISONE,0.0%,NA
ASPIRIN & Enbrel & HUMIRA & PREDNISONE,0.0%,NA
ASPIRIN & LETAIRIS & PREDNISONE,0.0%,NA
ASPIRIN & AVONEX & TECFIDERA,0.0%,NA
ASPIRIN & AVONEX & PREDNISONE & TECFIDERA,0.0%,NA
ASPIRIN & HUMIRA & Nexium,0.0%,NA
NEXIUM,0.0%,NA
AVONEX & Nexium,0.0%,NA
Nexium & PREDNISONE & TECFIDERA,0.0%,NA
ASPIRIN & Avandia & Nexium,0.0%,NA
ASPIRIN & AVONEX & Nexium,0.0%,NA
ASPIRIN & DIANEAL_LOW_CALCIUM,0.0%,NA
ASPIRIN & Enbrel & Nexium & PREDNISONE,0.0%,NA
ASPIRIN & Nexium & TECFIDERA,0.0%,NA
AVONEX & Nexium & PREDNISONE,0.0%,NA
AVONEX & Nexium & TECFIDERA,0.0%,NA
ASPIRIN & DIANEAL_LOW_CALCIUM & Nexium,0.0%,NA
DIANEAL_LOW_CALCIUM & PREDNISONE,0.0%,NA
ASPIRIN & Avandia & AVONEX & Enbrel & HUMIRA & LETAIRIS & Nexium & PREDNISONE & PREDNISONE &  & TECFIDERA,0.0%,NA
ASPIRIN & Avandia & AVONEX & DIANEAL_LOW_CALCIUM & Enbrel & HUMIRA & LETAIRIS & Nexium & PREDNISONE & PREDNISONE &  & TECFIDERA,0.0%,NA
ASPIRIN,0.0%,NA
ASPIRIN & Avandia & AVONEX & DIANEAL_LOW_CALCIUM & Enbrel & HUMIRA & LETAIRIS & Nexium & NEXIUM &  & PREDNISONE & PREDNISONE &  & TECFIDERA,0.0%,NA
NEXIUM,0.0%,NA
ASPIRIN & ASPIRIN & Avandia & AVONEX & DIANEAL_LOW_CALCIUM & Enbrel & HUMIRA & LETAIRIS & Nexium & NEXIUM &  & PREDNISONE & PREDNISONE &  & TECFIDERA,0.0%,NA
ASPIRIN & Avandia & AVONEX & DIANEAL_LOW_CALCIUM & Enbrel & HUMIRA & LETAIRIS & Nexium & NEXIUM &  &  & PREDNISONE & TECFIDERA,0.0%,NA
Avandia,26.7%,OT
LETAIRIS,1.3%,OT
ASPIRIN,2.2%,OT
Enbrel,2.1%,OT
DIANEAL_LOW_CALCIUM,1.1%,OT
PREDNISONE,1.9%,OT
HUMIRA,1.6%,OT
Nexium,0.9%,OT
TECFIDERA,0.2%,OT
AVONEX,0.4%,OT
ASPIRIN & Avandia,0.3%,OT
AVONEX & TECFIDERA,0.0%,OT
ASPIRIN & PREDNISONE,0.2%,OT
ASPIRIN & Nexium,0.1%,OT
HUMIRA & PREDNISONE,0.2%,OT
Nexium & PREDNISONE,0.1%,OT
Enbrel & PREDNISONE,0.1%,OT
Enbrel & HUMIRA,0.1%,OT
ASPIRIN & HUMIRA,0.1%,OT
PREDNISONE,0.0%,OT
ASPIRIN & TECFIDERA,0.0%,OT
ASPIRIN & LETAIRIS,0.0%,OT
LETAIRIS & PREDNISONE,0.0%,OT
ASPIRIN & Nexium & PREDNISONE,0.0%,OT
HUMIRA & Nexium,0.0%,OT
ASPIRIN & AVONEX,0.0%,OT
ASPIRIN & Enbrel,0.0%,OT
ASPIRIN & HUMIRA & PREDNISONE,0.0%,OT
Enbrel & HUMIRA & PREDNISONE,0.0%,OT
Avandia & Nexium,0.0%,OT
Enbrel & LETAIRIS,0.0%,OT
Nexium & TECFIDERA,0.0%,OT
ASPIRIN & Enbrel & PREDNISONE,0.0%,OT
AVONEX & PREDNISONE,0.0%,OT
PREDNISONE & TECFIDERA,0.0%,OT
Enbrel & Nexium,0.0%,OT
Avandia & PREDNISONE,0.0%,OT
Enbrel & Nexium & PREDNISONE,0.0%,OT
ASPIRIN & Enbrel & HUMIRA,0.0%,OT
ASPIRIN & Avandia & PREDNISONE,0.0%,OT
ASPIRIN & Enbrel & HUMIRA & PREDNISONE,0.0%,OT
ASPIRIN & LETAIRIS & PREDNISONE,0.0%,OT
ASPIRIN & AVONEX & TECFIDERA,0.0%,OT
ASPIRIN & AVONEX & PREDNISONE & TECFIDERA,0.0%,OT
ASPIRIN & HUMIRA & Nexium,0.0%,OT
NEXIUM,0.0%,OT
AVONEX & Nexium,0.0%,OT
Nexium & PREDNISONE & TECFIDERA,0.0%,OT
ASPIRIN & Avandia & Nexium,0.0%,OT
ASPIRIN & AVONEX & Nexium,0.0%,OT
ASPIRIN & DIANEAL_LOW_CALCIUM,0.0%,OT
ASPIRIN & Enbrel & Nexium & PREDNISONE,0.0%,OT
ASPIRIN & Nexium & TECFIDERA,0.0%,OT
AVONEX & Nexium & PREDNISONE,0.0%,OT
AVONEX & Nexium & TECFIDERA,0.0%,OT
ASPIRIN & DIANEAL_LOW_CALCIUM & Nexium,0.0%,OT
DIANEAL_LOW_CALCIUM & PREDNISONE,0.0%,OT
ASPIRIN & Avandia & AVONEX & Enbrel & HUMIRA & LETAIRIS & Nexium & PREDNISONE & PREDNISONE &  & TECFIDERA,0.0%,OT
ASPIRIN & Avandia & AVONEX & DIANEAL_LOW_CALCIUM & Enbrel & HUMIRA & LETAIRIS & Nexium & PREDNISONE & PREDNISONE &  & TECFIDERA,0.0%,OT
ASPIRIN,0.0%,OT
ASPIRIN & Avandia & AVONEX & DIANEAL_LOW_CALCIUM & Enbrel & HUMIRA & LETAIRIS & Nexium & NEXIUM &  & PREDNISONE & PREDNISONE &  & TECFIDERA,0.0%,OT
NEXIUM,0.0%,OT
ASPIRIN & ASPIRIN & Avandia & AVONEX & DIANEAL_LOW_CALCIUM & Enbrel & HUMIRA & LETAIRIS & Nexium & NEXIUM &  & PREDNISONE & PREDNISONE &  & TECFIDERA,0.0%,OT
ASPIRIN & Avandia & AVONEX & DIANEAL_LOW_CALCIUM & Enbrel & HUMIRA & LETAIRIS & Nexium & NEXIUM &  &  & PREDNISONE & TECFIDERA,0.0%,OT
Avandia,0.0%,RI
LETAIRIS,0.0%,RI
ASPIRIN,19.3%,RI
Enbrel,0.0%,RI
DIANEAL_LOW_CALCIUM,0.0%,RI
PREDNISONE,3.6%,RI
HUMIRA,4.8%,RI
Nexium,0.0%,RI
TECFIDERA,1.2%,RI
AVONEX,0.0%,RI
ASPIRIN & Avandia,0.0%,RI
AVONEX & TECFIDERA,0.0%,RI
ASPIRIN & PREDNISONE,0.0%,RI
ASPIRIN & Nexium,0.0%,RI
HUMIRA & PREDNISONE,0.0%,RI
Nexium & PREDNISONE,0.0%,RI
Enbrel & PREDNISONE,0.0%,RI
Enbrel & HUMIRA,0.0%,RI
ASPIRIN & HUMIRA,0.0%,RI
PREDNISONE,0.0%,RI
ASPIRIN & TECFIDERA,0.0%,RI
ASPIRIN & LETAIRIS,0.0%,RI
LETAIRIS & PREDNISONE,0.0%,RI
ASPIRIN & Nexium & PREDNISONE,0.0%,RI
HUMIRA & Nexium,0.0%,RI
ASPIRIN & AVONEX,0.0%,RI
ASPIRIN & Enbrel,0.0%,RI
ASPIRIN & HUMIRA & PREDNISONE,0.0%,RI
Enbrel & HUMIRA & PREDNISONE,0.0%,RI
Avandia & Nexium,0.0%,RI
Enbrel & LETAIRIS,0.0%,RI
Nexium & TECFIDERA,0.0%,RI
ASPIRIN & Enbrel & PREDNISONE,0.0%,RI
AVONEX & PREDNISONE,0.0%,RI
PREDNISONE & TECFIDERA,0.0%,RI
Enbrel & Nexium,0.0%,RI
Avandia & PREDNISONE,0.0%,RI
Enbrel & Nexium & PREDNISONE,0.0%,RI
ASPIRIN & Enbrel & HUMIRA,0.0%,RI
ASPIRIN & Avandia & PREDNISONE,0.0%,RI
ASPIRIN & Enbrel & HUMIRA & PREDNISONE,0.0%,RI
ASPIRIN & LETAIRIS & PREDNISONE,0.0%,RI
ASPIRIN & AVONEX & TECFIDERA,0.0%,RI
ASPIRIN & AVONEX & PREDNISONE & TECFIDERA,0.0%,RI
ASPIRIN & HUMIRA & Nexium,0.0%,RI
NEXIUM,0.0%,RI
AVONEX & Nexium,0.0%,RI
Nexium & PREDNISONE & TECFIDERA,0.0%,RI
ASPIRIN & Avandia & Nexium,0.0%,RI
ASPIRIN & AVONEX & Nexium,0.0%,RI
ASPIRIN & DIANEAL_LOW_CALCIUM,0.0%,RI
ASPIRIN & Enbrel & Nexium & PREDNISONE,0.0%,RI
ASPIRIN & Nexium & TECFIDERA,0.0%,RI
AVONEX & Nexium & PREDNISONE,0.0%,RI
AVONEX & Nexium & TECFIDERA,0.0%,RI
ASPIRIN & DIANEAL_LOW_CALCIUM & Nexium,0.0%,RI
DIANEAL_LOW_CALCIUM & PREDNISONE,0.0%,RI
ASPIRIN & Avandia & AVONEX & Enbrel & HUMIRA & LETAIRIS & Nexium & PREDNISONE & PREDNISONE &  & TECFIDERA,0.0%,RI
ASPIRIN & Avandia & AVONEX & DIANEAL_LOW_CALCIUM & Enbrel & HUMIRA & LETAIRIS & Nexium & PREDNISONE & PREDNISONE &  & TECFIDERA,0.0%,RI
ASPIRIN,0.0%,RI
ASPIRIN & Avandia & AVONEX & DIANEAL_LOW_CALCIUM & Enbrel & HUMIRA & LETAIRIS & Nexium & NEXIUM &  & PREDNISONE & PREDNISONE &  & TECFIDERA,0.0%,RI
NEXIUM,0.0%,RI
ASPIRIN & ASPIRIN & Avandia & AVONEX & DIANEAL_LOW_CALCIUM & Enbrel & HUMIRA & LETAIRIS & Nexium & NEXIUM &  & PREDNISONE & PREDNISONE &  & TECFIDERA,0.0%,RI
ASPIRIN & Avandia & AVONEX & DIANEAL_LOW_CALCIUM & Enbrel & HUMIRA & LETAIRIS & Nexium & NEXIUM &  &  & PREDNISONE & TECFIDERA,0.0%,RI
Avandia,10.3%,Total
LETAIRIS,2.4%,Total
ASPIRIN,2.3%,Total
Enbrel,2.1%,Total
DIANEAL_LOW_CALCIUM,1.9%,Total
PREDNISONE,1.8%,Total
HUMIRA,1.3%,Total
Nexium,1.1%,Total
TECFIDERA,1.1%,Total
AVONEX,1.1%,Total
ASPIRIN & Avandia,0.2%,Total
AVONEX & TECFIDERA,0.1%,Total
ASPIRIN & PREDNISONE,0.1%,Total
ASPIRIN & Nexium,0.1%,Total
HUMIRA & PREDNISONE,0.1%,Total
Nexium & PREDNISONE,0.1%,Total
Enbrel & PREDNISONE,0.1%,Total
Enbrel & HUMIRA,0.1%,Total
ASPIRIN & HUMIRA,0.0%,Total
PREDNISONE,0.0%,Total
ASPIRIN & TECFIDERA,0.0%,Total
ASPIRIN & LETAIRIS,0.0%,Total
LETAIRIS & PREDNISONE,0.0%,Total
ASPIRIN & Nexium & PREDNISONE,0.0%,Total
HUMIRA & Nexium,0.0%,Total
ASPIRIN & AVONEX,0.0%,Total
ASPIRIN & Enbrel,0.0%,Total
ASPIRIN & HUMIRA & PREDNISONE,0.0%,Total
Enbrel & HUMIRA & PREDNISONE,0.0%,Total
Avandia & Nexium,0.0%,Total
Enbrel & LETAIRIS,0.0%,Total
Nexium & TECFIDERA,0.0%,Total
ASPIRIN & Enbrel & PREDNISONE,0.0%,Total
AVONEX & PREDNISONE,0.0%,Total
PREDNISONE & TECFIDERA,0.0%,Total
Enbrel & Nexium,0.0%,Total
Avandia & PREDNISONE,0.0%,Total
Enbrel & Nexium & PREDNISONE,0.0%,Total
ASPIRIN & Enbrel & HUMIRA,0.0%,Total
ASPIRIN & Avandia & PREDNISONE,0.0%,Total
ASPIRIN & Enbrel & HUMIRA & PREDNISONE,0.0%,Total
ASPIRIN & LETAIRIS & PREDNISONE,0.0%,Total
ASPIRIN & AVONEX & TECFIDERA,0.0%,Total
ASPIRIN & AVONEX & PREDNISONE & TECFIDERA,0.0%,Total
ASPIRIN & HUMIRA & Nexium,0.0%,Total
NEXIUM,0.0%,Total
AVONEX & Nexium,0.0%,Total
Nexium & PREDNISONE & TECFIDERA,0.0%,Total
ASPIRIN & Avandia & Nexium,0.0%,Total
ASPIRIN & AVONEX & Nexium,0.0%,Total
ASPIRIN & DIANEAL_LOW_CALCIUM,0.0%,Total
ASPIRIN & Enbrel & Nexium & PREDNISONE,0.0%,Total
ASPIRIN & Nexium & TECFIDERA,0.0%,Total
AVONEX & Nexium & PREDNISONE,0.0%,Total
AVONEX & Nexium & TECFIDERA,0.0%,Total
ASPIRIN & DIANEAL_LOW_CALCIUM & Nexium,0.0%,Total
DIANEAL_LOW_CALCIUM & PREDNISONE,0.0%,Total
ASPIRIN & Avandia & AVONEX & Enbrel & HUMIRA & LETAIRIS & Nexium & PREDNISONE & PREDNISONE &  & TECFIDERA,0.0%,Total
ASPIRIN & Avandia & AVONEX & DIANEAL_LOW_CALCIUM & Enbrel & HUMIRA & LETAIRIS & Nexium & PREDNISONE & PREDNISONE &  & TECFIDERA,0.0%,Total
ASPIRIN,0.0%,Total
ASPIRIN & Avandia & AVONEX & DIANEAL_LOW_CALCIUM & Enbrel & HUMIRA & LETAIRIS & Nexium & NEXIUM &  & PREDNISONE & PREDNISONE &  & TECFIDERA,0.0%,Total
NEXIUM,0.0%,Total
ASPIRIN & ASPIRIN & Avandia & AVONEX & DIANEAL_LOW_CALCIUM & Enbrel & HUMIRA & LETAIRIS & Nexium & NEXIUM &  & PREDNISONE & PREDNISONE &  & TECFIDERA,0.0%,Total
ASPIRIN & Avandia & AVONEX & DIANEAL_LOW_CALCIUM & Enbrel & HUMIRA & LETAIRIS & Nexium & NEXIUM &  &  & PREDNISONE & TECFIDERA,0.0%,Total
